Time,Date,Latitude,Longitude,Total PDCP DL Throughput,Total PDCP UL Throughput,PDSCH Phy Throughput (kbps),PUSCH Phy Throughput (kbps),PDSCH Resource Blocks Allocated (Allocated Subframes Only),PDSCH Resource Block Allocation (%),PUSCH Resource Blocks Allocated (Allocated Subframes Only),Number of PUSCH Resource Blocks,Number of PDSCH Resource Blocks,PDCP Throughput DL (kbps),PDCP Throughput UL (kbps),PHY Layer Throughput PDSCH (kbps),PHY Layer Throughput PUSCH (kbps),RLC Throughput DL (kbps)(LTE Throughputs from Data Collector),RLC Throughput UL (kbps)(LTE Throughputs from Data Collector)
45:03.0,3/21/2022,7.2844315,5.1824625,2.200000048,3.200000048,3.039999962,77.69999695,7.800000191,0.109999999,4.300000191,0.200000003,0.100000001,2.289999962,5.369999886,5.539999962,91.30999756,2,4.880000114
45:05.0,3/21/2022,7.284394,5.1827825,1.440000057,1.5,1.340000033,83.84999847,6.599999905,0.02,2.299999952,0.699999988,0,1.289999962,1.50999999,4.320000172,112.8099976,1.149999976,1.039999962
45:07.0,3/21/2022,7.2843485,5.1831065,2.569999933,2.970000029,5.269999981,99.98999786,7.599999905,0.029999999,2.700000048,0.200000003,0,2.349999905,2,9.229999542,123.3600006,1.649999976,3.99000001
45:09.0,3/21/2022,7.284296,5.183431,0.389999986,2.25999999,1.620000005,90.41000366,5.5,0.189999998,2.400000095,0.200000003,0.200000003,0.519999981,2.25999999,4.690000057,115.1500015,1.679999948,2.220000029
45:11.0,3/21/2022,7.2842375,5.183754,0.930000007,2.450000048,5.960000038,130.5700073,3.900000095,0.170000002,3.900000095,0.200000003,0.200000003,0.949999988,1.850000024,5.409999847,129,0.899999976,2.079999924
45:13.0,3/21/2022,7.2841705,5.1840785,1.279999971,0.699999988,2.190000057,189.2400055,9.300000191,0.109999999,5,0.600000024,0.100000001,1.190000057,1.639999986,4.239999771,195.5200043,2.210000038,2.559999943
45:15.0,3/21/2022,7.2840995,5.184404,1.429999948,1.679999948,2.930000067,50.50999832,7.900000095,0.02,3.900000095,23.39999962,0,1.299999952,1.799999952,7.139999866,55.43000031,1.659999967,2.049999952
45:17.0,3/21/2022,7.284025,5.18473,1.690000057,1.919999957,2.799999952,58.29000092,7.400000095,0.02,3.599999905,0.200000003,0,1.690000057,1.779999971,6.570000172,115.6900024,2.170000076,2.069999933
45:19.0,3/21/2022,7.28394,5.18505,2.380000114,2.190000057,4.400000095,98.55000305,7.900000095,0.029999999,3.799999952,0.400000006,0,2.329999924,2.200000048,5.989999771,118.8899994,1.980000019,3.720000029
45:21.0,3/21/2022,7.2838625,5.1853625,0.819999993,1.940000057,2.930000067,95.77999878,7,0.25999999,2.299999952,0.300000012,0.300000012,0.75999999,1.620000005,5.820000172,129.2200012,1.549999952,2.549999952
45:23.0,3/21/2022,7.2837725,5.185682,0.779999971,2,1.620000005,134.3600006,5,0.170000002,2,0.300000012,0.200000003,1.049999952,1.970000029,2.599999905,140.0200043,1.00999999,3.150000095
45:25.0,3/21/2022,7.2836735,5.1860065,0.779999971,1.440000057,0.730000019,145.5599976,7.900000095,0.449999988,2.099999905,0.300000012,0.400000006,0.779999971,1.440000057,7.309999943,150.5399933,0.649999976,1.299999952
45:27.0,3/21/2022,7.28356,5.1863365,0.779999971,1.039999962,2.440000057,143.1799927,4.199999809,0.100000001,2.099999905,0.300000012,0.100000001,0.779999971,1.039999962,9.659999847,147.3800049,0.970000029,1.379999995
45:29.0,3/21/2022,7.2834345,5.186674,0.779999971,1.370000005,1.830000043,143.7299957,4,0.49000001,2,0.300000012,0.5,0.779999971,1.370000005,1.320000052,149.2299957,0.670000017,0.839999974
45:31.0,3/21/2022,7.2833015,5.187015,1.059999943,2.150000095,1.5,143.9400024,10.60000038,0.349999994,2,0.300000012,0.400000006,1.059999943,2.150000095,8.979999542,152.8899994,1.210000038,2.150000095
45:33.0,3/21/2022,7.2831685,5.1873405,0.779999971,2.109999895,5.349999905,153.4900055,3.599999905,0.109999999,2,0.300000012,0.100000001,1.049999952,2.390000105,7.28000021,156.9400024,0.689999998,2.599999905
45:35.0,3/21/2022,7.2830395,5.187643,0.779999971,1.730000019,3.150000095,157.0700073,4,0.119999997,2,0.400000006,0.100000001,0.779999971,2.049999952,2.339999914,157.0200043,0.689999998,1.679999948
45:37.0,3/21/2022,7.282904,5.18794,0.779999971,1.039999962,1.669999957,154.5700073,6.699999809,0.189999998,2,0.300000012,0.200000003,0.779999971,1.039999962,3.380000114,157.9799957,0.980000019,1.409999967
45:39.0,3/21/2022,7.28277,5.1882315,0.779999971,1.080000043,4.110000134,154.1699982,10.5,1.429999948,2,0.400000006,1.399999976,0.779999971,1.080000043,2.25999999,153.9199982,0.670000017,0.819999993
45:41.0,3/21/2022,7.282636,5.1885105,0.699999988,1.450000048,5.03000021,152.1999969,3.700000048,0.170000002,2,0.300000012,0.200000003,0.699999988,1.450000048,14.72999954,154.8000031,0.649999976,0.75999999
45:43.0,3/21/2022,7.2825015,5.1887655,1.139999986,2,3.089999914,150.9199982,5.900000095,0.189999998,2,0.300000012,0.200000003,1.139999986,2,9.020000458,153.9400024,1.820000052,2.430000067
45:45.0,3/21/2022,7.2824015,5.188945,0.779999971,2.109999895,4,151.0399933,7.699999809,0.239999995,2,0.300000012,0.200000003,1.049999952,2.109999895,5.150000095,155.0099945,1,2.299999952
45:47.0,3/21/2022,7.282349,5.189035,0.779999971,1.360000014,1.940000057,153.2799988,3.900000095,0.170000002,2,0.300000012,0.200000003,0.779999971,1.809999943,4.070000172,157.4299927,0.670000017,1.600000024
45:49.0,3/21/2022,7.28232,5.1890865,0.779999971,1.039999962,3.710000038,155.4900055,6.400000095,0.200000003,2,0.300000012,0.200000003,0.779999971,1.039999962,2.519999981,155.8000031,0.649999976,0.75999999
45:51.0,3/21/2022,7.282291,5.189138,0.779999971,1.039999962,8.31000042,157.4799957,4,0.409999996,2,0.400000006,0.400000006,0.779999971,1.039999962,2.190000057,157.25,0.980000019,1.519999981
45:53.0,3/21/2022,7.2822495,5.1892115,1.070000052,2.089999914,3.220000029,156.9900055,4,0.140000001,2,0.300000012,0.100000001,1.059999943,2.089999914,25.30999947,154.5800018,1.159999967,1.669999957
45:55.0,3/21/2022,7.2821915,5.1893085,0.779999971,2.109999895,7.289999962,156.5200043,3.900000095,0.300000012,2,0.300000012,0.300000012,0.779999971,2.109999895,10.21000004,157.5899963,0.980000019,1.679999948
45:57.0,3/21/2022,7.2821205,5.189423,0.779999971,1.679999948,3.319999933,159.9499969,4,0.379999995,2,0.400000006,0.400000006,1.049999952,1.679999948,5.150000095,155.1399994,0.649999976,2.140000105
45:59.0,3/21/2022,7.282053,5.189534,0.779999971,1.039999962,2.269999981,152.8099976,3.799999952,0.439999998,2,0.300000012,0.400000006,0.779999971,1.039999962,2.700000048,155.6799927,1.309999943,0.75999999
46:01.0,3/21/2022,7.2820025,5.1896195,0.779999971,1.039999962,1.75,155.3399963,3.799999952,0.829999983,2,0.400000006,0.800000012,0.779999971,1.389999986,2.309999943,155.4900055,0.649999976,1.519999981
46:03.0,3/21/2022,7.281969,5.189675,1.059999943,2.099999905,3.619999886,152.3800049,4.400000095,0.219999999,2,0.300000012,0.200000003,1.059999943,0.75999999,15.10000038,151.9299927,0.649999976,0.800000012
46:05.0,3/21/2022,7.281948,5.189711,0.779999971,1.720000029,5.360000134,154.7599945,4,0.649999976,2,0.300000012,0.699999988,0.779999971,2.599999905,6.449999809,157.0800018,1.25999999,3.74000001
46:09.0,3/21/2022,7.2818775,5.1898395,0.779999971,1.129999995,2.319999933,154.7799988,5.599999905,0.150000006,2,0.300000012,0.200000003,0.779999971,1.5,31.03000069,158.2799988,1.00999999,1.75999999
46:11.0,3/21/2022,7.2818225,5.189937,0.779999971,1.039999962,1.789999962,160.5500031,9.600000381,1.200000048,2.200000048,0.400000006,1.200000048,1.049999952,1.039999962,19.84000015,160.2700043,0.649999976,1.519999981
46:13.0,3/21/2022,7.2817725,5.190024,0.779999971,1.039999962,2.410000086,155.0399933,3.599999905,0.319999993,2,0.300000012,0.300000012,0.779999971,1.039999962,2.160000086,158.5700073,0.980000019,1.139999986
46:15.0,3/21/2022,7.2817355,5.19009,1.059999943,2.089999914,2.650000095,152.4600067,7.300000191,0.25999999,2,0.300000012,0.300000012,1.059999943,2.089999914,6.260000229,157.8200073,1.120000005,1.830000043
46:17.0,3/21/2022,7.281714,5.190126,0.779999971,2.109999895,4.179999828,153,3.799999952,0.100000001,2,0.300000012,0.100000001,0.779999971,2.109999895,17,157.2799988,1,2.130000114
46:19.0,3/21/2022,7.281696,5.190159,0.779999971,1.679999948,2.380000114,151.4199982,6.5,1.24000001,2,0.300000012,1.200000048,0.779999971,1.679999948,1.909999967,155.4799957,0.670000017,2.430000067
46:21.0,3/21/2022,7.281665,5.1902165,0.779999971,1.039999962,1.980000019,153.7100067,3.700000048,0.100000001,2,0.300000012,0.100000001,0.779999971,1.389999986,2.24000001,156.5399933,0.649999976,0.75999999
46:23.0,3/21/2022,7.2816235,5.1902965,0.779999971,1.129999995,1.720000029,155.0399933,3.700000048,0.519999981,2,0.300000012,0.5,1.049999952,1.090000033,3.910000086,158.1900024,0.99000001,1.210000038
46:25.0,3/21/2022,7.28158,5.1903775,1.059999943,2.289999962,3.369999886,158.8399963,5.699999809,0.200000003,2,0.400000006,0.200000003,1.059999943,1.860000014,14.53999996,158.7200012,0.649999976,0.75999999
46:27.0,3/21/2022,7.28155,5.1904325,0.779999971,1.210000038,3.089999914,156.6199951,5.5,0.150000006,2,0.300000012,0.200000003,0.779999971,1.620000005,3.609999895,154.7599945,1.25,2.170000076
46:29.0,3/21/2022,7.281529,5.190474,0.779999971,2.430000067,1.669999957,159.8999939,6.699999809,0.170000002,2,0.400000006,0.200000003,0.779999971,1.950000048,2.059999943,155.1300049,0.680000007,3.059999943
46:31.0,3/21/2022,7.2815,5.1905305,0.779999971,1.080000043,2.720000029,155.8500061,6.699999809,0.889999986,2,0.300000012,0.899999976,0.779999971,1.080000043,3.400000095,156.7700043,0.99000001,1.279999971
46:33.0,3/21/2022,7.2814575,5.1906135,0.779999971,1.129999995,0.460000008,151.7599945,4.599999905,0.25999999,2,0.300000012,0.300000012,0.779999971,1.460000038,1.25,153.4299927,0.649999976,1.179999948
46:37.0,3/21/2022,7.2813565,5.1908075,1.059999943,2.660000086,2.049999952,155.9600067,4.300000191,0.200000003,2,0.300000012,0.200000003,1.070000052,2.130000114,5.380000114,156.3399963,1.220000029,2.309999943
46:39.0,3/21/2022,7.2813075,5.190905,0.779999971,1.629999995,2.769999981,150.8300018,4.5,0.100000001,2,0.300000012,0.100000001,0.779999971,1.629999995,4.440000057,152.2599945,1.320000052,2.369999886
46:41.0,3/21/2022,7.281259,5.1910015,0.779999971,1.679999948,2.039999962,152.5700073,4,0.349999994,2,0.300000012,0.400000006,0.779999971,2.24000001,2.380000114,152.9799957,0.670000017,1.220000029
46:43.0,3/21/2022,7.28122,5.1910855,0.779999971,1.370000005,2.200000048,153.8699951,4.599999905,0.280000001,2,0.300000012,0.300000012,0.779999971,1.100000024,5.300000191,157.0700073,0.649999976,1.610000014
46:45.0,3/21/2022,7.281195,5.1911375,0.779999971,1.039999962,1.809999943,153.3600006,4,0.310000002,2,0.300000012,0.300000012,0.779999971,1.389999986,0.970000029,151.8200073,0.99000001,0.75999999
46:47.0,3/21/2022,7.281177,5.19117,1.059999943,2.660000086,2.50999999,158.3699951,3.900000095,0.129999995,2,0.400000006,0.100000001,1.419999957,2.119999886,6.889999866,158.1799927,1.230000019,2.319999933
46:49.0,3/21/2022,7.28115,5.191217,0.779999971,1.679999948,2.960000038,153.6900024,3.900000095,0.189999998,2,0.300000012,0.200000003,0.779999971,1.679999948,13.52000046,157.3899994,0.649999976,1.679999948
46:51.0,3/21/2022,7.28111,5.191296,0.779999971,1.980000019,1.220000029,150.4600067,4.099999905,0.119999997,2,0.300000012,0.100000001,0.779999971,1.980000019,5.269999981,154.4499969,0.680000007,1.840000033
46:53.0,3/21/2022,7.2810615,5.1913975,0.779999971,1.090000033,2.039999962,153.5299988,5,0.74000001,2,0.300000012,0.699999988,0.779999971,1.389999986,1.600000024,156.3000031,0.649999976,1.690000057
46:55.0,3/21/2022,7.2810175,5.1914965,0.779999971,1.100000024,1.559999943,152.3200073,5.199999809,0.140000001,2,0.300000012,0.100000001,0.779999971,0.920000017,2.309999943,156.2799988,0.99000001,0.75999999
46:57.0,3/21/2022,7.2809805,5.191579,0.779999971,1.039999962,2.00999999,152.5200043,5.199999809,0.109999999,2,0.300000012,0.100000001,0.779999971,1.039999962,2.069999933,155.5899963,0.649999976,1.190000057
46:59.0,3/21/2022,7.280957,5.191629,1.059999943,2.609999895,1.789999962,149.8000031,5.400000095,0.150000006,2,0.300000012,0.100000001,1.419999957,2.609999895,3.890000105,151.4299927,1.210000038,2.589999914
47:01.0,3/21/2022,7.280936,5.1916775,1.25,1.879999995,3.880000114,80.80999756,5.699999809,0.01,2,0.699999988,0,1.25,1.879999995,3.190000057,120.4400024,1.610000014,1.779999971
47:03.0,3/21/2022,7.2809085,5.19174,1.409999967,2.119999886,3.799999952,72.61000061,6.599999905,0.02,2.5,0.200000003,0,1.419999957,2.069999933,6.519999981,88.94999695,1.690000057,2.029999971
47:05.0,3/21/2022,7.2808815,5.1918065,1.779999971,1.389999986,2.640000105,86.40000153,7.199999809,0.100000001,2.200000048,0.100000001,0.100000001,1.690000057,1.5,25.67000008,108.4899979,2.059999943,1.279999971
47:07.0,3/21/2022,7.280855,5.1918745,1.25999999,1.25999999,2.700000048,96.16000366,9,0.379999995,2.400000095,0.200000003,0.400000006,1.279999971,1.159999967,6.380000114,130,1.539999962,1.190000057
47:09.0,3/21/2022,7.28083,5.1919415,1.070000052,1.870000005,3.74000001,95.19999695,4.800000191,0.140000001,2,0.300000012,0.100000001,1.070000052,2.49000001,7.380000114,136.8099976,0.479999989,0.920000017
47:11.0,3/21/2022,7.2808045,5.192011,0.779999971,1.679999948,3.640000105,142.1699982,4,0.419999987,2,0.300000012,0.400000006,0.779999971,1.679999948,3.609999895,148.2799988,1.769999981,3.029999971
47:13.0,3/21/2022,7.280771,5.192099,0.779999971,2.480000019,2.160000086,141.6799927,3.900000095,0.119999997,2,0.300000012,0.100000001,0.779999971,2.480000019,10.52000046,149.3600006,1,2.180000067
47:15.0,3/21/2022,7.2807385,5.192186,0.779999971,1.039999962,1.419999957,139.7299957,6.099999905,0.230000004,2,0.300000012,0.200000003,0.779999971,1.389999986,1.919999957,145.2299957,0.649999976,1.220000029
47:19.0,3/21/2022,7.28069,5.192314,0.779999971,1.179999948,2.920000076,141,4.099999905,0.180000007,2,0.300000012,0.200000003,0.779999971,1.179999948,5.71999979,150.8600006,0.980000019,0.860000014
47:21.0,3/21/2022,7.2806665,5.192379,1.059999943,2.450000048,2.190000057,144.7299957,4.5,0.200000003,2,0.300000012,0.200000003,1.059999943,3.25999999,10.11999989,148.8600006,1.779999971,2.579999924
47:23.0,3/21/2022,7.280633,5.19247,0.779999971,2.180000067,3.670000076,143.5399933,3.900000095,0.129999995,2,0.300000012,0.100000001,0.779999971,2.180000067,5.360000134,150.3399963,0.680000007,2.460000038
47:25.0,3/21/2022,7.2805865,5.192592,1.25,2.190000057,1.350000024,72.48000336,7.5,0.25999999,2.099999905,0.899999976,0.300000012,1.25,2.190000057,2.960000038,92.37999725,1.330000043,1.460000038
47:27.0,3/21/2022,7.28053,5.192745,0.779999971,1.149999976,2.630000114,48.97000122,5.300000191,0.180000007,2.400000095,0.100000001,0.200000003,1.049999952,1.149999976,3.210000038,101.2099991,0.980000019,1.919999957
47:29.0,3/21/2022,7.2804665,5.192928,1.720000029,1.49000001,2.700000048,83.84999847,8.800000191,0.050000001,3.099999905,0.100000001,0,1.639999986,1.5,4.110000134,87.41999817,2.039999962,1.179999948
47:31.0,3/21/2022,7.2803965,5.19314,0.839999974,1.590000033,3.440000057,55.15999985,6,0.02,2.900000095,0,0,0.74000001,1.590000033,3.130000114,128.3099976,1.539999962,3.25
47:33.0,3/21/2022,7.280321,5.1933765,2.450000048,2.75,4.510000229,90.29000092,7,0.029999999,2.400000095,0.400000006,0,2.309999943,2.859999895,6.519999981,104.9100037,2.25,2.890000105
47:35.0,3/21/2022,7.2802465,5.1936255,1.129999995,2.369999886,2.210000038,130.6600037,5.699999809,0.140000001,2,0.300000012,0.100000001,1.25,2.369999886,4.03000021,165.7100067,1.50999999,2.369999886
47:37.0,3/21/2022,7.2801755,5.1938755,0.779999971,1.419999957,1.49000001,181.6799927,4,0.079999998,2,0.400000006,0.100000001,0.779999971,1.419999957,2.450000048,185.4600067,0.660000026,1.75999999
47:39.0,3/21/2022,7.2801125,5.194122,0.389999986,1.24000001,1.580000043,183.6799927,4.300000191,0.150000006,2,0.400000006,0.100000001,0.519999981,0.889999986,1.309999943,184.6399994,0.689999998,1.299999952
47:41.0,3/21/2022,7.280054,5.194349,0.779999971,1.039999962,6,178.9400024,3.799999952,1.360000014,2,0.400000006,1.399999976,0.779999971,1.090000033,3.109999895,184.7599945,0.959999979,1.600000024
47:43.0,3/21/2022,7.2799995,5.194565,1.460000038,1.769999981,1.269999981,180.3399963,3.900000095,0.140000001,2,0.400000006,0.100000001,1.460000038,2.289999962,8.289999962,185.2400055,1.799999952,1.820000052
47:45.0,3/21/2022,7.2799495,5.1947785,0.779999971,2.549999952,2.450000048,180.6399994,4.199999809,0.119999997,2,0.400000006,0.100000001,0.779999971,2.549999952,6.199999809,183.8699951,0.680000007,1.779999971
47:47.0,3/21/2022,7.2799025,5.194997,0.779999971,1.679999948,1.919999957,174.4799957,5.199999809,0.74000001,2,0.400000006,0.699999988,0.779999971,1.549999952,1.769999981,176.4900055,1.00999999,3.130000114
47:49.0,3/21/2022,7.27986,5.195219,0.779999971,1.179999948,0.800000012,184.6199951,4.800000191,0.170000002,2,0.400000006,0.200000003,0.779999971,1.360000014,10.09000015,185.1900024,0.649999976,1.039999962
47:51.0,3/21/2022,7.279821,5.1954435,0.860000014,1.039999962,2.769999981,136.3800049,6,0.050000001,2.099999905,0.200000003,0,0.810000002,1.090000033,1.820000052,136.5500031,1.120000005,1.610000014
47:53.0,3/21/2022,7.279785,5.195679,1.25,1.179999948,2.269999981,144.7700043,6.599999905,0.01,2,0.100000001,0,1.669999957,0.939999998,5.199999809,137.4799957,0.670000017,1.559999943
47:55.0,3/21/2022,7.279746,5.1959335,1.059999943,2.799999952,4.659999847,182.1900024,4.099999905,0.100000001,2,0.400000006,0.100000001,1.059999943,2.49000001,7.269999981,185.8600006,1.860000014,2.74000001
47:57.0,3/21/2022,7.279704,5.1962,0.779999971,1.590000033,3.650000095,180.9900055,4.199999809,0.150000006,2.099999905,0.400000006,0.200000003,0.779999971,2.019999981,4.900000095,184.8000031,0.680000007,1.820000052
47:59.0,3/21/2022,7.2796725,5.196465,0.779999971,1.679999948,0.769999981,179.1399994,12.60000038,0.300000012,2,0.400000006,0.300000012,0.779999971,1.679999948,11.57999992,176.6000061,1.309999943,2.140000105
48:01.0,3/21/2022,7.2796435,5.196741,1.399999976,1.809999943,3.799999952,116.0599976,6.699999809,0.059999999,2.099999905,0.300000012,0.100000001,1.519999981,1.840000033,3.349999905,123.8199997,1.090000033,1.769999981
48:03.0,3/21/2022,7.2796115,5.1970295,1.100000024,1.129999995,2.630000114,171.1399994,5.599999905,0.01,2,0.400000006,0,1.090000033,1.389999986,3.390000105,177.3500061,1.49000001,1.610000014
48:05.0,3/21/2022,7.279588,5.197323,1.460000038,2.569999933,2.829999924,184.3600006,3.900000095,0.140000001,2.099999905,0.400000006,0.100000001,1.940000057,2.049999952,10.68000031,188.4199982,1.210000038,1.159999967
48:07.0,3/21/2022,7.279571,5.197624,0.889999986,2.059999943,4,174.2400055,4.199999809,0.109999999,2.099999905,0.400000006,0.100000001,0.519999981,1.879999995,4.889999866,181.2799988,1.220000029,2.799999952
48:09.0,3/21/2022,7.2795585,5.197929,0.850000024,2.529999971,2.609999895,116.6600037,6,0.300000012,2.400000095,0.400000006,0.300000012,1.25,2.299999952,5.190000057,124.2699966,0.959999979,3.359999895
48:11.0,3/21/2022,7.279554,5.198222,1.279999971,0.829999983,3.210000038,111.5100021,6.300000191,0.409999996,2.099999905,0.200000003,0.400000006,1.190000057,1.269999981,30.18000031,158.0500031,1.25,1.720000029
48:13.0,3/21/2022,7.279551,5.198487,0.779999971,1.129999995,2.829999924,172.2100067,4.800000191,0.150000006,2,0.400000006,0.200000003,0.779999971,1.129999995,1.75999999,172.0200043,1.309999943,1.24000001
48:15.0,3/21/2022,7.27955225,5.19869925,1.210000038,1.389999986,1.889999986,171.1900024,7.800000191,0.400000006,2,0.400000006,0.400000006,1.700000048,1.389999986,8.520000458,174.4299927,1.220000029,2.589999914
48:17.0,3/21/2022,7.2795575,5.198905,1.460000038,2.660000086,1.830000043,181.7100067,9.699999809,0.360000014,2,0.400000006,0.400000006,1.940000057,2.849999905,10.47999954,185.9799957,1.799999952,2.640000105
48:19.0,3/21/2022,7.2795635,5.199132,0.779999971,2.549999952,2.589999914,181.8999939,4.599999905,0.150000006,2,0.400000006,0.100000001,0.779999971,2.450000048,3.140000105,185.5800018,0.689999998,1.889999986
48:21.0,3/21/2022,7.2795685,5.199363,0.389999986,1.360000014,1.669999957,181.8399963,7.900000095,0.280000001,2,0.400000006,0.300000012,0.519999981,1.120000005,1.610000014,186.0299988,1.320000052,2.430000067
48:23.0,3/21/2022,7.279581,5.1995785,0.779999971,1.100000024,1.440000057,180.1699982,10.80000019,0.879999995,2,0.400000006,0.899999976,0.779999971,1.299999952,1.059999943,182.3800049,0.649999976,0.810000002
48:25.0,3/21/2022,7.2795955,5.1997695,0.779999971,0.649999976,1.200000048,180.5099945,6.099999905,0.409999996,2,0.400000006,0.400000006,0.779999971,0.649999976,12.98999977,183,0.670000017,1.730000019
48:27.0,3/21/2022,7.2796055,5.199922,1.460000038,2.289999962,2.650000095,180.5899963,4.800000191,0.239999995,2,0.400000006,0.200000003,1.460000038,2.359999895,9.43999958,185.2200012,1.779999971,0.75999999
48:29.0,3/21/2022,7.2796175,5.20005,0.779999971,2.430000067,1.269999981,183.0399933,10,0.460000008,2,0.400000006,0.5,0.779999971,1.679999948,64.52999878,187.6999969,1,2.50999999
48:31.0,3/21/2022,7.2796275,5.2001515,0.779999971,1.730000019,2.559999943,179.5500031,4.599999905,0.150000006,2,0.400000006,0.200000003,0.779999971,2.480000019,1.899999976,182.6799927,0.680000007,2.380000114
48:33.0,3/21/2022,7.279641,5.200249,0.779999971,1.039999962,0.810000002,178.8899994,5.099999905,1.019999981,2,0.400000006,1,0.779999971,1.25,1.669999957,182.2200012,0.649999976,1.370000005
48:35.0,3/21/2022,7.2796575,5.2003625,0.389999986,1.100000024,3.029999971,182.3600006,4.800000191,0.949999988,2,0.400000006,1,0.519999981,1.100000024,1.169999957,186.9900055,1.309999943,0.860000014
48:37.0,3/21/2022,7.27967,5.2005,0.779999971,0.790000021,1.269999981,181.1900024,5,0.119999997,2,0.400000006,0.100000001,0.779999971,0.790000021,3.400000095,185.7100067,0.639999986,0.75999999
48:39.0,3/21/2022,7.279684,5.2006585,1.460000038,2.99000001,2.869999886,176.9799957,3.799999952,0.159999996,2,0.400000006,0.200000003,1.460000038,2.99000001,6.860000134,179.6000061,1.230000019,2.519999981
48:41.0,3/21/2022,7.2797065,5.200835,0.779999971,2.109999895,1.50999999,180.6499939,7.400000095,0.200000003,2,0.400000006,0.200000003,0.779999971,1.700000048,7.610000134,181.9299927,0.680000007,2.299999952
48:43.0,3/21/2022,7.27973,5.201014,0.779999971,1.75999999,2.349999905,180.5,4.199999809,0.079999998,2,0.400000006,0.100000001,0.779999971,2.079999924,2.319999933,184.4499969,1,1.889999986
48:45.0,3/21/2022,7.279740333,5.201135,0.839999974,1.179999948,3.410000086,134.0700073,8,0.029999999,2,0.100000001,0,0.829999983,0.800000012,6.239999771,141.4199982,0.639999986,0.939999998
48:47.0,3/21/2022,7.279741667,5.201207,1.24000001,1.419999957,3.970000029,136,4.800000191,0.02,2,0.100000001,0,1,1.279999971,6.480000019,140.5599976,1.090000033,1.379999995
48:49.0,3/21/2022,7.279745,5.201255,1.909999967,2.049999952,6.429999828,99.16000366,5.900000095,0.029999999,2.200000048,0.100000001,0,2.019999981,2.119999886,8.449999809,103.4400024,2.269999981,1.919999957
48:51.0,3/21/2022,7.2797535,5.201305,1.24000001,2.609999895,2.099999905,154.5,6.199999809,0.029999999,2.099999905,0.100000001,0,1.24000001,2.609999895,3.200000048,171.8899994,1.070000052,3.119999886
48:53.0,3/21/2022,7.279769,5.2013785,1.24000001,1.820000052,3.519999981,160.8699951,6.300000191,0.02,2,0.100000001,0,1.220000029,1.230000019,2.589999914,152.2599945,0.930000007,2.049999952
48:55.0,3/21/2022,7.279786,5.20148,1.299999952,1.440000057,2.50999999,176.8999939,7.300000191,0.029999999,2.799999952,0.5,0,1.230000019,1.649999976,2.460000038,165.5099945,1.639999986,1.929999948
48:57.0,3/21/2022,7.279803,5.2016005,1.649999976,1.409999967,2.75,65.88999939,6.5,0.02,2.400000095,0,0,1.690000057,1.460000038,2.420000076,53.86000061,2.289999962,1.940000057
48:59.0,3/21/2022,7.279826,5.2017385,0.389999986,1.450000048,3.309999943,209.8899994,5.800000191,2.089999914,2.400000095,0.5,2.099999905,0.519999981,1.129999995,1.980000019,210.4299927,0.649999976,0.930000007
49:01.0,3/21/2022,7.279849,5.2018885,1.460000038,2,1.889999986,185.6199951,5.5,0.230000004,2.099999905,0.400000006,0.200000003,1.460000038,2.339999914,11.31000042,188.9199982,1.210000038,3.039999962
49:03.0,3/21/2022,7.2798725,5.202046,0.779999971,2.160000086,2.700000048,210.5200043,6.800000191,0.180000007,2.400000095,0.5,0.200000003,0.779999971,2.160000086,52.15999985,208.8999939,0.699999988,2.599999905
49:05.0,3/21/2022,7.279894,5.202216,0.779999971,1.360000014,0.819999993,190.5599976,13.89999962,0.419999987,2.099999905,0.400000006,0.400000006,0.779999971,1.360000014,13.47000027,195.3500061,0.660000026,1.480000019
49:07.0,3/21/2022,7.2799125,5.2023815,0.779999971,1.129999995,2.220000029,197.4700012,5.400000095,0.209999993,2.200000048,0.400000006,0.200000003,0.779999971,1.129999995,2.609999895,195.9299927,0.970000029,1.649999976
49:09.0,3/21/2022,7.2799175,5.2024985,1.24000001,1.179999948,1.789999962,156.8000031,6.699999809,0.02,2.5,0.100000001,0,1.24000001,1.100000024,4.96999979,161.7799988,0.74000001,1.899999976
49:11.0,3/21/2022,7.279921,5.2025555,1.059999943,2.119999886,3.029999971,136.3500061,5.599999905,0.189999998,2,0.300000012,0.200000003,1.419999957,2.410000086,5.800000191,142.3999939,1.610000014,1.899999976
49:13.0,3/21/2022,7.2799235,5.2025745,0.779999971,2.160000086,1.850000024,145.7700043,11.89999962,0.400000006,3.099999905,0.400000006,0.400000006,0.779999971,2.160000086,14.59000015,154.3999939,0.680000007,2.420000076
49:15.0,3/21/2022,7.279926,5.202595,1.399999976,2.109999895,3,65.75,7,0.02,4.5,0.300000012,0,1.570000052,2.160000086,3.369999886,64.38999939,1.730000019,3.079999924
49:17.0,3/21/2022,7.279931,5.202631,1.090000033,1.409999967,0.870000005,100.1699982,7.5,0.340000004,2,0.200000003,0.300000012,1.080000043,1.470000029,13.01000023,160.6999969,1.460000038,1.409999967
49:19.0,3/21/2022,7.2799385,5.202683,1.320000052,1.549999952,4.760000229,188.8399963,7.400000095,0.050000001,4.199999809,0.200000003,0,1.529999971,1.649999976,6.079999924,194.3099976,1.24000001,1.350000024
49:21.0,3/21/2022,7.2799485,5.202753,1.25,1.49000001,3.200000048,120.2699966,6.800000191,0.029999999,2.099999905,0.100000001,0,1.379999995,0.829999983,2.430000067,129.1799927,2.299999952,3.730000019
49:23.0,3/21/2022,7.279964,5.202844,1.460000038,2.589999914,2.099999905,140.4700012,6.199999809,0.140000001,2.099999905,0.300000012,0.100000001,1.460000038,2.670000076,12.32999992,143.5099945,1.25999999,3.119999886
49:25.0,3/21/2022,7.279985,5.2029625,0.779999971,2.160000086,1.039999962,148.5800018,4.599999905,0.219999999,2.099999905,0.300000012,0.200000003,0.779999971,1.769999981,1.639999986,153.3500061,1,2.069999933
49:27.0,3/21/2022,7.2800135,5.203119,0.779999971,1.399999976,2.49000001,151.9100037,5.900000095,0.409999996,2,0.300000012,0.400000006,0.779999971,1.789999962,4.630000114,153.2700043,0.670000017,2.039999962
49:29.0,3/21/2022,7.2800405,5.2033135,0.779999971,1.090000033,1.429999948,141.9600067,4.800000191,0.150000006,2,0.300000012,0.200000003,0.779999971,1.090000033,4.579999924,149.2899933,0.649999976,1.179999948
49:31.0,3/21/2022,7.2800735,5.2035365,0.860000014,1.269999981,2.849999905,135,6.099999905,0.02,2,0.100000001,0,0.839999974,1.129999995,2.079999924,136.7700043,2.109999895,0.920000017
49:33.0,3/21/2022,7.2801055,5.2037665,1.919999957,2.319999933,3.24000001,78.86000061,6.800000191,0.029999999,2.099999905,0,0,1.980000019,2.140000105,10.77000046,109.6699982,1.659999967,0.939999998
49:35.0,3/21/2022,7.2801365,5.204003,1.710000038,2.390000105,3.700000048,78.73999786,6.300000191,0.029999999,2.099999905,0.200000003,0,1.870000005,2.089999914,5.309999943,83.16999817,1.190000057,2.25
49:37.0,3/21/2022,7.2801685,5.2042415,0.779999971,1.830000043,2.579999924,106.8000031,4.5,0.170000002,2,0.200000003,0.200000003,0.779999971,1.830000043,2.480000019,109.8300018,1.679999948,3.25
49:39.0,3/21/2022,7.2801995,5.2044715,0.779999971,1.090000033,0.959999979,100.0699997,4.900000095,0.25999999,2,0.200000003,0.300000012,0.779999971,0.75999999,1.570000052,107.3399963,0.970000029,1.409999967
49:41.0,3/21/2022,7.2802275,5.2047,0.860000014,1.24000001,2.589999914,96.94999695,5.900000095,0.289999992,2,0.200000003,0.300000012,1.360000014,1.409999967,4.019999981,103.1299973,0.689999998,0.610000014
49:43.0,3/21/2022,7.2802595,5.204939,1.25,1.029999971,4.380000114,118.7099991,6,0.209999993,2.099999905,0.300000012,0.200000003,1.029999971,1.029999971,8.25,139.2299957,1.440000057,1.440000057
49:45.0,3/21/2022,7.2802935,5.205182,1.919999957,3.049999952,4.829999924,61.13000107,5.300000191,0.209999993,2.099999905,0.100000001,0.200000003,2.210000038,3.640000105,13.73999977,94.94000244,2.859999895,3.710000038
49:47.0,3/21/2022,7.2803265,5.20542,0.779999971,2.109999895,3.180000067,147.2200012,3.900000095,0.239999995,2.099999905,0.300000012,0.200000003,0.779999971,1.950000048,15.82999992,155.2799988,0.680000007,2.299999952
49:49.0,3/21/2022,7.2803615,5.2056665,0.779999971,1.399999976,1.809999943,149.1000061,4.300000191,0.100000001,2,0.300000012,0.100000001,0.779999971,1.169999957,1.690000057,154.4900055,1.320000052,1.629999995
49:51.0,3/21/2022,7.2803975,5.205924,0.389999986,1.090000033,0.74000001,146.6199951,4.400000095,0.230000004,2,0.300000012,0.200000003,0.519999981,1.289999962,1.580000043,153.8300018,0.649999976,0.75
49:53.0,3/21/2022,7.2804335,5.206187,0.779999971,1.100000024,2.059999943,142.9400024,4.800000191,0.829999983,2,0.300000012,0.800000012,0.779999971,1.110000014,10.86999989,150.0700073,0.649999976,0.939999998
49:55.0,3/21/2022,7.2804665,5.2064515,1.460000038,1.860000014,2.700000048,139.2599945,4.800000191,0.209999993,2,0.300000012,0.200000003,1.460000038,1.860000014,9.359999657,146.0099945,1.179999948,2.119999886
49:57.0,3/21/2022,7.280499,5.2067205,0.779999971,2.710000038,2.150000095,137.6000061,6,0.230000004,2,0.300000012,0.200000003,0.779999971,1.919999957,4.420000076,143.3699951,1.289999962,2.079999924
49:59.0,3/21/2022,7.280536,5.2069905,0.779999971,1.679999948,0.939999998,146.5,11.5,0.870000005,2,0.300000012,0.899999976,0.779999971,2.430000067,19.87999916,151.2899933,0.680000007,1.840000033
50:01.0,3/21/2022,7.280572,5.207256,0.389999986,1.320000052,2.529999971,148.8600006,3.599999905,0.100000001,2.099999905,0.300000012,0.100000001,0.519999981,1.470000029,1.629999995,154.8800049,0.649999976,1.799999952
50:03.0,3/21/2022,7.28061,5.2075175,1.24000001,1.230000019,1.909999967,101.7900009,7,0.02,2.400000095,0.100000001,0,1.24000001,0.870000005,1.440000057,129.8600006,1.230000019,1.450000048
50:05.0,3/21/2022,7.2806465,5.2077825,0.779999971,0.670000017,1.970000029,202.6799927,5.400000095,0.109999999,2.799999952,0.5,0.100000001,0.779999971,0.949999988,3.799999952,188.0899963,1.5,1.409999967
50:07.0,3/21/2022,7.2806795,5.208045,1.460000038,2.930000067,1.929999948,179.1999969,5.800000191,0.219999999,2,0.400000006,0.200000003,1.460000038,2.930000067,4.489999771,192.1900024,1.230000019,2.940000057
50:09.0,3/21/2022,7.2807135,5.208301,1.24000001,2.25,3.039999962,145.6600037,7.599999905,0.02,2.299999952,0.100000001,0,1.090000033,2.809999943,3.109999895,147.2200012,1.360000014,2.559999943
50:11.0,3/21/2022,7.2807485,5.208555,1.299999952,1.730000019,4.210000038,52.95999908,7,0.02,2.099999905,0.100000001,0,1.590000033,1.700000048,7.369999886,46.84000015,1.730000019,1.440000057
50:13.0,3/21/2022,7.2807805,5.2088085,1.24000001,1.360000014,4.519999981,154.9400024,6.099999905,0.02,2,0.100000001,0,1.220000029,1.470000029,11.56999969,149.5800018,1.480000019,1.269999981
50:15.0,3/21/2022,7.280814,5.2090625,1.24000001,0.699999988,1.639999986,101.8600006,9.300000191,0.07,2,0.100000001,0.100000001,1.679999948,0.699999988,1.059999943,138.8500061,1.610000014,2.230000019
50:17.0,3/21/2022,7.280849,5.20932,1.460000038,2.339999914,2.690000057,178.8099976,5.199999809,0.140000001,2,0.400000006,0.100000001,1.460000038,2.339999914,9.229999542,182.8699951,1.210000038,0.839999974
50:19.0,3/21/2022,7.280884,5.2095825,0.779999971,2.109999895,2.369999886,176.6799927,3.599999905,0.090000004,2,0.400000006,0.100000001,0.779999971,2.109999895,4.739999771,181.1600037,0.670000017,2.819999933
50:21.0,3/21/2022,7.280921,5.2098495,0.779999971,2,1.929999948,179.2400055,8.199999809,0.579999983,2,0.400000006,0.600000024,0.779999971,1.549999952,3.920000076,181.9900055,1,1.679999948
50:23.0,3/21/2022,7.2809565,5.2101175,0.389999986,1.090000033,3.039999962,174.2799988,6,0.689999998,2,0.400000006,0.699999988,0.519999981,1.409999967,1.639999986,177.9700012,0.649999976,2.059999943
50:25.0,3/21/2022,7.2809885,5.210386,0.779999971,1.039999962,0.720000029,176.6699982,11.30000019,0.769999981,2,0.400000006,0.800000012,0.779999971,1.25,1.450000048,180.8999939,0.649999976,0.75999999
50:27.0,3/21/2022,7.281021,5.210646,0.779999971,0.569999993,3.99000001,179.5800018,5.900000095,0.219999999,2,0.400000006,0.200000003,0.779999971,0.569999993,3.869999886,180.8099976,0.649999976,1.519999981
50:29.0,3/21/2022,7.281056,5.210904,1.460000038,2.930000067,2.890000105,179.6300049,4,0.150000006,2,0.400000006,0.200000003,1.460000038,2.930000067,9.609999657,182.8699951,1.25,2.619999886
50:31.0,3/21/2022,7.2810915,5.211161,1.210000038,2.420000076,3.450000048,141.3999939,6.5,0.25999999,2,0.300000012,0.300000012,1.169999957,2.029999971,12.31000042,157.4499969,1.889999986,1.799999952
50:33.0,3/21/2022,7.281129,5.211418,0.779999971,1.360000014,2.170000076,181.4199982,4,0.07,2,0.400000006,0.100000001,0.779999971,1.120000005,3.150000095,181.9799957,0.959999979,2.579999924
50:35.0,3/21/2022,7.281165,5.211678,0.389999986,1.320000052,4.25,183.6600037,3.700000048,3.670000076,2,0.400000006,3.700000048,0.519999981,1.470000029,2.230000019,183.6499939,0.660000026,0.959999979
50:37.0,3/21/2022,7.2811935,5.2119275,0.779999971,1.090000033,5.289999962,180.4600067,4,0.159999996,2,0.400000006,0.200000003,0.779999971,1.090000033,6.269999981,177.1300049,1.309999943,1.600000024
50:39.0,3/21/2022,7.2812205,5.212154,1.460000038,2.049999952,2.380000114,187.3800049,4.400000095,0.159999996,2,0.400000006,0.200000003,1.460000038,3.059999943,29.86000061,182.6499939,1.25999999,0.75999999
50:41.0,3/21/2022,7.2812495,5.2123655,0.779999971,2.430000067,3.619999886,187.8200073,3.799999952,0.219999999,2,0.400000006,0.200000003,0.779999971,2.359999895,7.920000076,183.6600037,0.680000007,2.329999924
50:43.0,3/21/2022,7.2812795,5.212572,0.779999971,1.730000019,3.980000019,186.4400024,4,0.589999974,2,0.400000006,0.600000024,0.779999971,1.730000019,2.960000038,185.75,0.689999998,3.130000114
50:45.0,3/21/2022,7.281306,5.21276,0.879999995,1.149999976,1.590000033,182.7599945,5.699999809,0.300000012,2,0.400000006,0.300000012,0.779999971,1.210000038,7.190000057,182.5700073,1.159999967,1.360000014
50:47.0,3/21/2022,7.281325,5.21292,0.930000007,1.360000014,3.74000001,71.90000153,6.900000095,0.029999999,2.200000048,0.200000003,0,0.980000019,1.299999952,5.079999924,120.5500031,1.330000043,1.590000033
50:49.0,3/21/2022,7.2813425,5.2130615,0.779999971,0.889999986,3.619999886,189.1000061,4.300000191,0.07,2,0.400000006,0.100000001,0.779999971,0.899999976,3.279999971,183.6300049,0.75,1.139999986
50:51.0,3/21/2022,7.2813545,5.213189,1.460000038,2.779999971,1.870000005,185.3899994,6.5,0.209999993,2,0.400000006,0.200000003,1.460000038,2.390000105,24.56999969,184.25,1.799999952,2.359999895
50:53.0,3/21/2022,7.2813625,5.2132985,0.779999971,2.109999895,3.579999924,179.8300018,4.599999905,0.330000013,2,0.400000006,0.300000012,0.779999971,2.109999895,6.099999905,179.1000061,1,2.309999943
50:55.0,3/21/2022,7.2813735,5.2134025,0.779999971,1.409999967,1.75999999,177.8399963,5.199999809,0.050000001,2,0.400000006,0.100000001,0.779999971,1.409999967,1.919999957,181.2599945,0.670000017,1.639999986
50:57.0,3/21/2022,7.2813865,5.213504,0.819999993,1.350000024,3.019999981,139.8699951,7.300000191,0.200000003,2.099999905,0.300000012,0.200000003,0.769999981,0.779999971,13.02000046,162.0500031,0.850000024,0.730000019
50:59.0,3/21/2022,7.2813975,5.2135955,1.210000038,1.389999986,3.910000086,87.63999939,6.800000191,0.439999998,2.099999905,0.200000003,0.400000006,1.399999976,1.519999981,10.17000008,131.8800049,2.25999999,2.230000019
51:01.0,3/21/2022,7.2814065,5.2136925,1.460000038,1.820000052,3.190000057,176.0800018,4.199999809,0.140000001,2,0.400000006,0.100000001,1.460000038,1.899999976,5.170000076,174.5500031,1.090000033,2.019999981
51:03.0,3/21/2022,7.28142,5.2138075,1.049999952,2.720000029,3.220000029,159.9400024,4.900000095,0.140000001,2.099999905,0.400000006,0.100000001,0.959999979,2.960000038,5.239999771,168.4700012,1.539999962,2.25
51:05.0,3/21/2022,7.281436,5.213929,1.159999967,2,3.390000105,76.59999847,6.199999809,0.310000002,2.099999905,0.200000003,0.300000012,1.210000038,2.180000067,4.659999847,143.8300018,1.220000029,2.279999971
51:07.0,3/21/2022,7.281451,5.214046,0.779999971,1.080000043,3.130000114,180.6000061,13.60000038,1.179999948,2,0.400000006,1.200000048,0.779999971,1.080000043,2.49000001,184.3999939,0.670000017,0.819999993
51:09.0,3/21/2022,7.2814675,5.2141595,0.389999986,1.039999962,1.549999952,180.8800049,3.700000048,0.050000001,2,0.400000006,0,0.519999981,1.039999962,4.900000095,179.8600006,1.289999962,0.75999999
51:11.0,3/21/2022,7.281485,5.2142695,0.779999971,0.74000001,3.589999914,185.75,5,0.600000024,2,0.400000006,0.600000024,0.779999971,0.689999998,1.74000001,186.0700073,0.649999976,1.139999986
51:13.0,3/21/2022,7.281506,5.2143865,1.460000038,2.710000038,6.03000021,188.0599976,4,0.180000007,2,0.400000006,0.200000003,1.460000038,2.609999895,18.96999931,187.5700073,1.809999943,2.579999924
51:15.0,3/21/2022,7.2815335,5.214522,0.779999971,2.390000105,5.070000172,188.8000031,4.599999905,0.219999999,2,0.400000006,0.200000003,0.779999971,1.870000005,22.26000023,188.3800049,0.689999998,2.720000029
51:17.0,3/21/2022,7.2815645,5.214671,0.779999971,1.360000014,3.25,188.5599976,7.199999809,0.879999995,2.099999905,0.400000006,0.899999976,0.779999971,1.75999999,4.059999943,191.1100006,0.980000019,1.220000029
51:19.0,3/21/2022,7.2815915,5.214838,0.779999971,1.320000052,1.779999971,187.1000061,3.799999952,0.589999974,2,0.400000006,0.600000024,0.779999971,1.320000052,3,183.9400024,0.649999976,1.909999967
51:21.0,3/21/2022,7.2816185,5.215031,0.389999986,1.039999962,3.069999933,185.9100037,3.299999952,0.379999995,2,0.400000006,0.400000006,0.519999981,1.039999962,1.870000005,185.4900055,0.649999976,0.769999981
51:23.0,3/21/2022,7.2816415,5.21524,1.460000038,2.089999914,3.690000057,179.5599976,5.300000191,0.129999995,2,0.400000006,0.100000001,1.460000038,2.359999895,11.60999966,177.6499939,1.210000038,2.109999895
51:25.0,3/21/2022,7.281666,5.2154515,0.779999971,2.109999895,3.440000057,185.2400055,3.599999905,0.140000001,2,0.400000006,0.100000001,0.779999971,1.899999976,7.059999943,184.8800049,1.309999943,2.369999886
51:27.0,3/21/2022,7.2816915,5.2156665,0.779999971,1.679999948,1.799999952,187.5200043,4,0.239999995,2.099999905,0.400000006,0.200000003,0.779999971,1.700000048,2.170000076,188.25,0.680000007,1.679999948
51:29.0,3/21/2022,7.281713,5.2158825,0.779999971,1.039999962,1.299999952,186.5399933,4.599999905,0.460000008,2,0.400000006,0.5,0.779999971,1.25,1.419999957,186.6000061,0.649999976,1.519999981
51:31.0,3/21/2022,7.281731,5.216101,0.389999986,1.039999962,0.660000026,189.9199982,4.699999809,0.460000008,2,0.400000006,0.5,0.519999981,1.039999962,3.309999943,184.8099976,0.959999979,0.75999999
51:33.0,3/21/2022,7.281746,5.216325,0.779999971,1.5,2.799999952,188.3300018,4,0.119999997,2,0.400000006,0.100000001,0.779999971,0.75999999,1.580000043,183.3800049,0.649999976,1.600000024
51:35.0,3/21/2022,7.2817595,5.216555,1.460000038,2,2.279999971,181.9799957,4.699999809,0.119999997,2,0.400000006,0.100000001,1.460000038,2.339999914,7.110000134,178.7299957,1.230000019,2.130000114
51:37.0,3/21/2022,7.2817665,5.216789,1.269999981,2.289999962,3.440000057,74.44999695,7.199999809,0.059999999,2.200000048,0.100000001,0.100000001,1.679999948,2.359999895,12.56000042,113.0199966,1.570000052,2.180000067
51:39.0,3/21/2022,7.2817695,5.2170275,0.779999971,1.360000014,1.5,3.099999905,3.900000095,0.119999997,3,0,0.100000001,0.779999971,1.5,1.450000048,6.440000057,0.670000017,2.49000001
51:41.0,3/21/2022,7.2817675,5.2172655,0.389999986,1.039999962,1.289999962,2.430000067,3.599999905,0.560000002,3,0,0.600000024,0.519999981,1.039999962,2.25999999,3.720000029,1.279999971,0.75
51:43.0,3/21/2022,7.2817615,5.217503,0.779999971,1.039999962,2.569999933,1.820000052,3.700000048,0.400000006,3,0,0.400000006,0.779999971,0.689999998,1.629999995,4.599999905,0.649999976,1.5
51:45.0,3/21/2022,7.2817545,5.2177465,1.460000038,1.769999981,3.5,6.860000134,3.799999952,0.050000001,3,0,0.100000001,1.460000038,1.830000043,8.649999619,10.77999973,1.24000001,1.659999967
51:47.0,3/21/2022,7.281742,5.217999,0.779999971,2.430000067,3.339999914,5.710000038,4,0.829999983,3.099999905,0,0.800000012,0.779999971,2.430000067,4.460000038,8.479999542,0.680000007,1.659999967
51:49.0,3/21/2022,7.281719,5.2182615,0.779999971,1.679999948,4.630000114,4.420000076,3.900000095,0.159999996,3,0,0.200000003,0.779999971,1.679999948,4.800000191,10.46000004,1.330000043,3.049999952
51:51.0,3/21/2022,7.281695,5.2185285,0.779999971,1.039999962,3.50999999,2.660000086,4,0.439999998,3,0,0.400000006,0.779999971,0.689999998,2.130000114,4.150000095,0.649999976,0.980000019
51:53.0,3/21/2022,7.281665,5.2187925,0.389999986,1.320000052,3.5,3.25999999,3.799999952,0.649999976,3,0,0.699999988,0.519999981,1.320000052,3.25999999,5.130000114,0.670000017,1.5
51:55.0,3/21/2022,7.281629,5.219053,0.779999971,0.519999981,3.829999924,2.660000086,5.699999809,0.379999995,3,0,0.400000006,0.779999971,1.039999962,7.119999886,6.869999886,0.649999976,0.949999988
51:57.0,3/21/2022,7.281592,5.2193085,1.460000038,3.210000038,4.940000057,6.239999771,4.800000191,0.129999995,3,0,0.100000001,1.460000038,3.210000038,14.52999973,14.93999958,1.830000043,3.430000067
51:59.0,3/21/2022,7.281549,5.2195595,0.779999971,2.109999895,5.599999905,8.260000229,3.599999905,0.079999998,3.299999952,0,0.100000001,0.779999971,2.109999895,6.949999809,11.14000034,1,2.589999914
52:01.0,3/21/2022,7.281498,5.2198125,0.389999986,1.360000014,3.279999971,2.430000067,6.5,0.680000007,3.200000048,0,0.699999988,0.519999981,1.120000005,2.609999895,7.489999771,0.670000017,1.440000057
52:03.0,3/21/2022,7.281438,5.220069,0.779999971,1.039999962,1.899999976,2.430000067,5.800000191,1.100000024,3,0,1.100000024,0.779999971,1.25,5.46999979,5.190000057,0.649999976,1.5
52:05.0,3/21/2022,7.2813835,5.2202935,0.779999971,0.519999981,9.949999809,3.720000029,3.599999905,0.639999986,3,0,0.600000024,0.779999971,0.689999998,3.920000076,4.769999981,1.279999971,0.75
52:07.0,3/21/2022,7.2813455,5.2204475,1.460000038,2.289999962,6.190000057,4.579999924,5.599999905,0.119999997,3,0,0.100000001,1.460000038,2.289999962,23.53000069,10.94999981,0.899999976,2.559999943
52:09.0,3/21/2022,7.281322,5.2205585,0.779999971,2.430000067,6.949999809,4.570000172,3.900000095,0.140000001,3,0,0.100000001,0.779999971,1.549999952,8.770000458,8.020000458,1.309999943,1.970000029
52:11.0,3/21/2022,7.2813,5.2206515,0.389999986,1.679999948,3.170000076,5.409999847,4.5,0.219999999,3.299999952,0,0.200000003,0.519999981,2.359999895,11.53999996,14.27000046,0.680000007,1.980000019
52:13.0,3/21/2022,7.2812835,5.220748,0.779999971,1.039999962,8.75,1.330000043,3.700000048,0.519999981,3,0,0.5,0.779999971,0.689999998,3.529999971,5.130000114,0.660000026,1.5
52:15.0,3/21/2022,7.281266,5.220855,0.779999971,0.519999981,3.599999905,4.440000057,3.799999952,0.200000003,3,0,0.200000003,0.779999971,1.039999962,3.859999895,16.25,1.289999962,0.75
52:17.0,3/21/2022,7.281233,5.220982,0.779999971,1.039999962,0.860000014,3.150000095,4,0.439999998,3,0,0.400000006,0.779999971,1.039999962,2.779999971,4.940000057,0.649999976,1.120000005
52:19.0,3/21/2022,7.2811865,5.221125,1.460000038,2.609999895,5.03000021,4.320000172,3.799999952,0.119999997,3,0,0.100000001,1.940000057,2.779999971,13.64999962,13.35000038,1.799999952,2.569999933
52:21.0,3/21/2022,7.281143,5.2212515,0.389999986,2.430000067,7.28000021,6.809999943,4.300000191,0.109999999,3.299999952,0,0.100000001,0.519999981,2.109999895,6.949999809,18.14999962,0.680000007,1.75
52:23.0,3/21/2022,7.2811075,5.2213565,0.779999971,0.839999974,6.059999943,7.300000191,4,0.189999998,3.599999905,0,0.200000003,0.779999971,1.679999948,4.699999809,10.35999966,0.670000017,2.410000086
52:25.0,3/21/2022,7.281082,5.2214355,0.779999971,1.039999962,1.580000043,2.609999895,4,0.370000005,3,0,0.400000006,0.779999971,1.039999962,2.289999962,5.369999886,0.980000019,0.75
52:27.0,3/21/2022,7.2810625,5.2215015,0.779999971,1.039999962,2.079999924,2.609999895,3.700000048,0.100000001,3,0,0.100000001,0.779999971,1.039999962,4.380000114,3.920000076,0.649999976,1.120000005
52:31.0,3/21/2022,7.281025,5.221626,0.779999971,2.390000105,5.730000019,4.75,3.900000095,0.159999996,3,0,0.200000003,0.779999971,1.549999952,5.230000019,12.48999977,1.25,2.319999933
52:33.0,3/21/2022,7.281005,5.2216995,0.779999971,1.480000019,4.5,4.829999924,3.900000095,0.079999998,3,0,0.100000001,0.779999971,2.75999999,9.329999924,9.43999958,0.689999998,3.039999962
52:35.0,3/21/2022,7.280977,5.2218095,0.779999971,1.320000052,5.21999979,3.680000067,4.5,0.129999995,3,0,0.100000001,0.779999971,1.309999943,5.53000021,9.43999958,0.99000001,1.210000038
52:37.0,3/21/2022,7.280921,5.2219575,0.779999971,1.039999962,4.889999866,3.529999971,4.300000191,0.629999995,3,0,0.600000024,1.049999952,1.039999962,6.960000038,5.239999771,0.639999986,1.320000052
52:39.0,3/21/2022,7.2808535,5.2221225,0.779999971,1.039999962,6.860000134,2.119999886,5.900000095,1.049999952,2.5,0,1.100000024,0.779999971,1.389999986,6.090000153,4.940000057,0.649999976,0.75
52:41.0,3/21/2022,7.2807825,5.222283,1.059999943,2.609999895,6.579999924,5.320000172,3.599999905,0.07,3,0,0.100000001,1.059999943,1.769999981,17.71999931,15.97000027,1.210000038,1.889999986
52:43.0,3/21/2022,7.2807125,5.222446,0.779999971,1.590000033,11.07999992,7.510000229,4.099999905,0.140000001,3.200000048,0,0.100000001,0.779999971,1.950000048,11.76000023,12.02000046,1.309999943,2.589999914
52:45.0,3/21/2022,7.2806425,5.222607,0.779999971,1.679999948,10.89999962,3.839999914,4,0.519999981,3,0,0.5,0.779999971,1.679999948,12.42000008,5.78000021,0.670000017,1.659999967
52:47.0,3/21/2022,7.28057,5.2227625,0.779999971,1.039999962,3.089999914,2.660000086,3.700000048,0.49000001,3,0,0.5,0.779999971,1.039999962,7.519999981,3.99000001,0.639999986,1.350000024
52:49.0,3/21/2022,7.2805025,5.222907,0.779999971,1.039999962,4.639999866,2.559999943,3.900000095,0.140000001,3,0,0.100000001,1.049999952,1.039999962,6.28000021,4.940000057,0.970000029,0.75
52:51.0,3/21/2022,7.280439,5.223044,1.070000052,2.289999962,7.690000057,4.869999886,5.5,0.090000004,3,0,0.100000001,1.070000052,0.980000019,24.22999954,5.619999886,0.639999986,2.559999943
52:53.0,3/21/2022,7.280375,5.223184,0.779999971,1.159999967,9.489999771,5.75,11.19999981,0.289999992,2.799999952,0,0.300000012,0.779999971,2.170000076,22.71999931,13.43000031,1.230000019,1.960000038
52:55.0,3/21/2022,7.2803075,5.223335,0.779999971,2.430000067,8.569999695,4.619999886,5.300000191,0.209999993,2.700000048,0,0.200000003,1.049999952,2.430000067,12.22000027,22.98999977,0.680000007,2.299999952
52:57.0,3/21/2022,7.280224,5.2235035,0.779999971,1.039999962,5.329999924,4.440000057,3.799999952,0.180000007,3,0,0.200000003,0.779999971,1.389999986,12.47999954,7.980000019,0.639999986,1.580000043
52:59.0,3/21/2022,7.280125,5.223675,0.779999971,1.039999962,6.860000134,3.25999999,3.700000048,0.159999996,3,0,0.200000003,0.779999971,1.039999962,81.76000214,5.070000172,0.959999979,0.75
53:01.0,3/21/2022,7.280023,5.223851,0.779999971,1.039999962,7.71999979,3.200000048,3.400000095,0.370000005,3,0,0.400000006,0.779999971,1.039999962,4.849999905,5.320000172,0.639999986,1.5
53:03.0,3/21/2022,7.279921,5.224028,1.059999943,2.089999914,4.610000134,4.75,3.900000095,0.090000004,3,0,0.100000001,1.059999943,2.089999914,20.73999977,5.769999981,1.230000019,2.569999933
53:05.0,3/21/2022,7.2798135,5.224207,0.779999971,2.109999895,6.559999943,8.81000042,3.900000095,0.090000004,3.299999952,0,0.100000001,0.779999971,2.109999895,9.06000042,15.01000023,0.680000007,1.659999967
53:07.0,3/21/2022,7.2797025,5.224387,0.779999971,1.679999948,3.769999981,4.190000057,3.799999952,0.569999993,3.599999905,0,0.600000024,1.049999952,2.24000001,6.960000038,7.360000134,1,2.130000114
53:09.0,3/21/2022,7.279583,5.224569,0.779999971,1.039999962,5.820000172,2.609999895,8.600000381,2.029999971,3,0,2,0.779999971,1.039999962,58.40999985,5.369999886,0.649999976,0.75
53:11.0,3/21/2022,7.2794625,5.224759,0.779999971,1.320000052,4.449999809,3.25999999,6.5,1.440000057,3,0,1.399999976,0.779999971,1.059999943,4.699999809,5.929999828,0.660000026,1.320000052
53:15.0,3/21/2022,7.279221,5.225142,1.460000038,1.960000038,9.090000153,7.239999771,3.700000048,0.059999999,3,0,0.100000001,1.460000038,2.609999895,15.73999977,9.050000191,1.289999962,2.970000029
53:17.0,3/21/2022,7.2791095,5.22532,0.779999971,2.109999895,6.519999981,7.699999809,4,0.109999999,3.299999952,0,0.100000001,1.049999952,2.109999895,11.02999973,21.62000084,0.99000001,2.359999895
53:19.0,3/21/2022,7.2789975,5.225498,0.779999971,1.360000014,3.440000057,5.630000114,3.700000048,0.460000008,3.299999952,0,0.5,0.779999971,1.090000033,4.949999809,10.52000046,0.649999976,1.210000038
53:21.0,3/21/2022,7.278884,5.225686,0.779999971,1.090000033,4.730000019,3.25999999,3.900000095,0.449999988,3,0,0.400000006,0.779999971,1.460000038,5.25,6.409999847,0.649999976,1.159999967
53:25.0,3/21/2022,7.2786405,5.226109,1.899999976,2.49000001,4,16.44000053,8.100000381,0.460000008,2.299999952,0,0.5,2.309999943,2.079999924,7.860000134,40.15999985,1.899999976,3.25
53:27.0,3/21/2022,7.278519,5.226333,1.279999971,2.619999886,4.519999981,52.68000031,5.400000095,0.219999999,2.400000095,0.100000001,0.200000003,1.159999967,2.710000038,7.389999866,77.76000214,1.360000014,3.579999924
53:29.0,3/21/2022,7.2784125,5.226544,0.930000007,1.769999981,3.589999914,42.11000061,5.300000191,0.620000005,1.899999976,0.100000001,0.600000024,1.00999999,1.779999971,2.329999924,55.65999985,1.110000014,1.879999995
53:31.0,3/21/2022,7.2783165,5.226735,0.389999986,1.039999962,3.00999999,34.65999985,4,0.629999995,1.899999976,0.100000001,0.600000024,0.519999981,1.039999962,1.409999967,36.72999954,0.649999976,1.360000014
53:33.0,3/21/2022,7.2782225,5.2269225,0.779999971,1.090000033,0.519999981,55.36999893,3.299999952,0.119999997,2.099999905,0.100000001,0.100000001,0.779999971,1.090000033,1.470000029,60.77999878,1.299999952,0.75999999
53:35.0,3/21/2022,7.278126,5.2271215,0.779999971,0.74000001,1.460000038,85.19000244,3.799999952,0.629999995,2.200000048,0.200000003,0.600000024,0.779999971,0.74000001,1.50999999,92.26999664,0.670000017,0.829999983
53:37.0,3/21/2022,7.278029,5.2273385,1.460000038,2.75,2.190000057,78.90000153,4.699999809,0.150000006,2.200000048,0.200000003,0.200000003,1.460000038,2.75,4.829999924,90.44000244,1.820000052,2.299999952
53:39.0,3/21/2022,7.277929,5.227569,0.779999971,2.109999895,2.140000105,89.40000153,4.099999905,0.079999998,2.200000048,0.200000003,0.100000001,0.779999971,1.700000048,2.900000095,96.02999878,0.670000017,2.309999943
53:41.0,3/21/2022,7.2778275,5.2278125,0.389999986,1.360000014,3.299999952,105.4000015,4,0.629999995,2.200000048,0.200000003,0.600000024,0.519999981,1.75999999,2.319999933,109.6800003,0.649999976,1.600000024
53:43.0,3/21/2022,7.2777285,5.2280625,0.779999971,1.039999962,1.75,120.6500015,3.799999952,0.460000008,2.200000048,0.300000012,0.5,0.779999971,1.039999962,1.970000029,124.7300034,1.309999943,0.75999999
53:45.0,3/21/2022,7.2776375,5.2283115,0.779999971,1.039999962,1.279999971,120.75,3.700000048,0.649999976,2.200000048,0.300000012,0.600000024,0.779999971,1.039999962,3.809999943,127.2699966,0.649999976,0.75999999
53:47.0,3/21/2022,7.2775485,5.2285595,1.460000038,1.769999981,2.900000095,122.25,4,0.109999999,2.200000048,0.300000012,0.100000001,1.460000038,2.359999895,7.639999866,128.7299957,0.649999976,2.049999952
53:49.0,3/21/2022,7.277464,5.228811,0.779999971,2.710000038,2.190000057,119.7799988,3.799999952,0.119999997,2.200000048,0.300000012,0.100000001,0.779999971,2.710000038,4.010000229,125.4599991,1.24000001,2.079999924
53:51.0,3/21/2022,7.2773825,5.229066,0.779999971,1.679999948,2.799999952,118.8700027,4,0.129999995,2.200000048,0.300000012,0.100000001,0.779999971,1.679999948,2.589999914,124.2300034,1,2.130000114
53:53.0,3/21/2022,7.2773025,5.229324,0.389999986,1.320000052,2.5,114.4499969,3.799999952,0.680000007,2.200000048,0.300000012,0.699999988,0.519999981,1.320000052,3.390000105,118.8700027,0.670000017,1.149999976
53:55.0,3/21/2022,7.2772315,5.2295775,0.779999971,1.039999962,2.549999952,119.9800034,4.599999905,0.100000001,2.200000048,0.300000012,0.100000001,0.779999971,1.039999962,1.399999976,125.7600021,0.649999976,1.5
53:57.0,3/21/2022,7.277165,5.2298295,0.779999971,0.519999981,2.5,120.2399979,3.799999952,0.079999998,2.200000048,0.300000012,0.100000001,0.779999971,0.689999998,3.690000057,125.3899994,1.299999952,0.769999981
53:59.0,3/21/2022,7.277099,5.2300775,1.460000038,2.930000067,2.720000029,121.9800034,4.199999809,0.100000001,2.200000048,0.300000012,0.100000001,1.460000038,2.779999971,6.139999866,126.5899963,1.230000019,3.039999962
